{
  "A15": {
    "n_walkers": 32,
    "n_steps": 4000,
    "n_burn": 1000,
    "autocorr_tau": [
      31.161454518383223,
      32.88608971931515
    ],
    "effective_n": 2919.1673689199915,
    "kd_q16": 2.359999935505334,
    "kd_q50": 3.537998659052423,
    "kd_q84": 4.850063052052699,
    "kd_q025": 1.419630703833122,
    "kd_q975": 6.340186140826232,
    "qb_q16": 11.10597846299112,
    "qb_q50": 16.321276412246313,
    "qb_q84": 21.40200765370103
  },
  "A17": {
    "n_walkers": 32,
    "n_steps": 4000,
    "n_burn": 1000,
    "autocorr_tau": [
      34.415975971275884,
      35.255430537682464
    ],
    "effective_n": 2722.9847582599004,
    "kd_q16": 3.843918586503169,
    "kd_q50": 6.110015144593224,
    "kd_q84": 8.38827791342178,
    "kd_q025": 1.8751199386163444,
    "kd_q975": 10.763603625082592,
    "qb_q16": 7.375717361988194,
    "qb_q50": 11.61488748627786,
    "qb_q84": 15.714131773291959
  },
  "contrast": {
    "p_gt": 0.833125,
    "median": 2.5115516723209383,
    "q16": -0.07122418798119907,
    "q84": 5.10181157246114,
    "q025": -2.419629070671247,
    "q975": 7.654073248599664
  }
}