{
  "cut_cm": [
    60,
    70,
    80,
    90
  ],
  "A15": [
    4.876359485605234,
    4.876359485605234,
    4.570595599122984,
    4.792530481221283
  ],
  "A17": [
    9.109586104858812,
    8.116368880626938,
    8.116368880626938,
    8.116368880626938
  ],
  "n_A15": [
    8,
    8,
    7,
    5
  ],
  "n_A17": [
    18,
    16,
    16,
    16
  ],
  "contrast": [
    4.2332266192535775,
    3.240009395021704,
    3.545773281503954,
    3.323838399405656
  ]
}