{
  "cut_cm": [
    60,
    70,
    80,
    90
  ],
  "A15": [
    4.694773105685365,
    4.694773105685365,
    4.88478592656682,
    4.733433281022388
  ],
  "A17": [
    18.84368887666314,
    11.231769863675325,
    11.231769863675325,
    11.231769863675325
  ],
  "n_A15": [
    8,
    8,
    7,
    5
  ],
  "n_A17": [
    18,
    16,
    16,
    16
  ],
  "contrast": [
    14.148915770977776,
    6.53699675798996,
    6.346983937108505,
    6.498336582652937
  ]
}