{
  "A15": {
    "nominal_mW": 4.582513045747248,
    "sigma_chi": 3.0825130457472483,
    "kd_at_chi_1p48": 1.5,
    "sigma_Ks": 0.532705875395294,
    "kd_at_Ks_lo": 3.6504563092664757,
    "kd_at_Ks_hi": 4.715868060057064,
    "sigma_rho": 0.013840706900100308,
    "kd_at_rho_1700": 4.548093856076301,
    "kd_at_rho_2000": 4.575775269876502,
    "sigma_H": 0.4251842018932994
  },
  "A17": {
    "nominal_mW": 8.116759436524982,
    "sigma_chi": 13.883240563475018,
    "kd_at_chi_1p48": 22.0,
    "sigma_Ks": 1.9626217047538717,
    "kd_at_Ks_lo": 10.335593639599823,
    "kd_at_Ks_hi": 6.41035023009208,
    "sigma_rho": 0.420192393504903,
    "kd_at_rho_1700": 8.401274151085813,
    "kd_at_rho_2000": 7.560889364076007,
    "sigma_H": 5.32050760855118
  }
}