{
  "hayne_global_kd_W_per_m_K": 0.0034,
  "sites": {
    "A15": {
      "N_deep": 7,
      "hayne_global": {
        "kd_mW": 3.4,
        "rmse_K": 1.3749490431503306
      },
      "hayne_site_fit": {
        "kd_mW": 4.88478592656682,
        "rmse_K": 0.9079775249390444
      },
      "martinez_forward": {
        "rmse_K": 1.1033365533998123
      },
      "martinez_site_fit": {
        "alpha": 1.1172929889158716,
        "rho_d_kg_m3": 2011.127380048569,
        "rmse_K": 0.9070381315840541,
        "alpha_grid": [
          0.7,
          0.75,
          0.7999999999999999,
          0.85,
          0.9,
          0.95,
          1.0,
          1.05,
          1.1,
          1.15,
          1.2000000000000002,
          1.25,
          1.3,
          1.35,
          1.4000000000000001,
          1.4500000000000002,
          1.5,
          1.5500000000000003,
          1.6,
          1.6500000000000001,
          1.7000000000000002,
          1.7500000000000002,
          1.8000000000000003,
          1.85,
          1.9000000000000001,
          1.9500000000000002,
          2.0,
          2.0500000000000003,
          2.1000000000000005,
          2.1500000000000004,
          2.2
        ],
        "rmse_curve": [
          6.868202474507043,
          4.602545061827306,
          3.2542483446412267,
          2.3750289195999543,
          1.7760020551256244,
          1.367265283337092,
          1.1033365533998123,
          0.9572036970247197,
          0.9036637383180581,
          0.9134202739939093,
          0.9594982730565943,
          1.022820939520894,
          1.0920668094744452,
          1.1612371950786884,
          1.2200343208043918,
          1.2796399360959463,
          1.334204298756297,
          1.3680872651442648,
          1.4101211400300149,
          1.447501296560233,
          1.457411191136064,
          1.484053804601086,
          1.5070725192229992,
          1.4981273286233014,
          1.512740774238778,
          1.524662450625468,
          1.5021577133868163,
          1.5077622080554962,
          1.4793036136754676,
          1.479901027504055,
          1.478977290807252
        ]
      }
    },
    "A17": {
      "N_deep": 16,
      "hayne_global": {
        "kd_mW": 3.4,
        "rmse_K": 2.9631798612394538
      },
      "hayne_site_fit": {
        "kd_mW": 11.231769863675325,
        "rmse_K": 0.30219303594691815
      },
      "martinez_forward": {
        "rmse_K": 2.4648764422941776
      },
      "martinez_site_fit": {
        "alpha": 1.8330551077433284,
        "rho_d_kg_m3": 3299.499193937991,
        "rmse_K": 0.30935208601080866,
        "alpha_grid": [
          0.7,
          0.75,
          0.7999999999999999,
          0.85,
          0.9,
          0.95,
          1.0,
          1.05,
          1.1,
          1.15,
          1.2000000000000002,
          1.25,
          1.3,
          1.35,
          1.4000000000000001,
          1.4500000000000002,
          1.5,
          1.5500000000000003,
          1.6,
          1.6500000000000001,
          1.7000000000000002,
          1.7500000000000002,
          1.8000000000000003,
          1.85,
          1.9000000000000001,
          1.9500000000000002,
          2.0,
          2.0500000000000003,
          2.1000000000000005,
          2.1500000000000004,
          2.2
        ],
        "rmse_curve": [
          9.90156631151678,
          7.121168040842299,
          5.449748026956379,
          4.333119761750962,
          3.5330803881130137,
          2.9312472511095193,
          2.4648764422941776,
          2.0894239034373583,
          1.7860105046676995,
          1.5307833176466086,
          1.3200167611367957,
          1.1371644623384185,
          0.9847622543516976,
          0.8498942441618177,
          0.7374284974013968,
          0.6373941256886259,
          0.5546732821105673,
          0.4826916667633598,
          0.4246102104322239,
          0.3779923947749371,
          0.3441248441356756,
          0.3205147775127565,
          0.3098122522481954,
          0.30911619304766286,
          0.31274074148337855,
          0.3255723245498582,
          0.34244410422807503,
          0.3618543784325684,
          0.3827007751045656,
          0.4042106737943814,
          0.4258580032326701
        ]
      }
    }
  }
}