{
  "hayne_global_kd_W_per_m_K": 0.0034,
  "sites": {
    "A15": {
      "N_deep": 7,
      "hayne_global": {
        "kd_mW": 3.4,
        "rmse_K": 1.027233210650848
      },
      "hayne_site_fit": {
        "kd_mW": 4.570595599122984,
        "rmse_K": 0.9556705008027617
      },
      "martinez_forward": {
        "rmse_K": 0.9866875316043985
      },
      "martinez_site_fit": {
        "alpha": 1.125626956245591,
        "rho_d_kg_m3": 2026.1285212420637,
        "rmse_K": 0.9049266445831246,
        "alpha_grid": [
          0.7,
          0.75,
          0.7999999999999999,
          0.85,
          0.9,
          0.95,
          1.0,
          1.05,
          1.1,
          1.15,
          1.2000000000000002,
          1.25,
          1.3,
          1.35,
          1.4000000000000001,
          1.4500000000000002,
          1.5,
          1.5500000000000003,
          1.6,
          1.6500000000000001,
          1.7000000000000002,
          1.7500000000000002,
          1.8000000000000003,
          1.85,
          1.9000000000000001,
          1.9500000000000002,
          2.0,
          2.0500000000000003,
          2.1000000000000005,
          2.1500000000000004,
          2.2
        ],
        "rmse_curve": [
          5.777603087719991,
          3.7041562076657213,
          2.530481786454067,
          1.8170746065902386,
          1.381690887000774,
          1.1242618490551006,
          0.9866875316043985,
          0.9249161002422841,
          0.9049766260837814,
          0.9048791086490579,
          0.9125586438722866,
          0.9221291794985688,
          0.9299238390255671,
          0.9363393528023214,
          0.9406737610954244,
          0.9437317839813705,
          0.9449260472926861,
          0.9453717117854492,
          0.9454133438472132,
          0.9459767396927631,
          0.9472743919503902,
          0.9496820526080356,
          0.9535124206777089,
          0.9590159057113969,
          0.9663830259131635,
          0.9757480374462217,
          0.987193566920305,
          1.0007560497218546,
          1.015918218434294,
          1.033628104300168,
          1.0533571662879482
        ]
      }
    },
    "A17": {
      "N_deep": 16,
      "hayne_global": {
        "kd_mW": 3.4,
        "rmse_K": 0.685744134191136
      },
      "hayne_site_fit": {
        "kd_mW": 8.116368880626938,
        "rmse_K": 0.3457314135986892
      },
      "martinez_forward": {
        "rmse_K": 0.6443803990450733
      },
      "martinez_site_fit": {
        "alpha": 0.9817992046019032,
        "rho_d_kg_m3": 1767.2385682834258,
        "rmse_K": 0.6499163015137545,
        "alpha_grid": [
          0.7,
          0.75,
          0.7999999999999999,
          0.85,
          0.9,
          0.95,
          1.0,
          1.05,
          1.1,
          1.15,
          1.2000000000000002,
          1.25,
          1.3,
          1.35,
          1.4000000000000001,
          1.4500000000000002,
          1.5,
          1.5500000000000003,
          1.6,
          1.6500000000000001,
          1.7000000000000002,
          1.7500000000000002,
          1.8000000000000003,
          1.85,
          1.9000000000000001,
          1.9500000000000002,
          2.0,
          2.0500000000000003,
          2.1000000000000005,
          2.1500000000000004,
          2.2
        ],
        "rmse_curve": [
          6.376128169857593,
          3.8528050118679693,
          2.3846785844996656,
          1.473892708348086,
          0.9184090363999404,
          0.659588257678713,
          0.6443803990450733,
          0.7410081118059362,
          0.8540926532162482,
          0.957354394176904,
          1.0365190516646994,
          1.0931431816948138,
          1.1428948030595645,
          1.1832650565185427,
          1.1954243060977956,
          1.2038384928618522,
          1.1985529354695341,
          1.1900315183028733,
          1.1755345279594758,
          1.1560457237668764,
          1.132380745027566,
          1.1052197318378087,
          1.0723244667429384,
          1.0411778873837179,
          1.0078121250750602,
          0.9726030976214528,
          0.9313261959973239,
          0.8930043900265561,
          0.8537679262446884,
          0.8138376950465216,
          0.7721367265603908
        ]
      }
    }
  }
}