{
  "A15": {
    "global": {
      "bias": 0.4869114661443876,
      "rmse": 1.027233210650848
    },
    "sitefit": {
      "bias": 0.3179358922015264,
      "rmse": 0.9544952684016142
    },
    "ms_fwd": {
      "bias": 0.40682721074451983,
      "rmse": 0.9866875316043985
    },
    "ms_fit": {
      "bias": 0.0290884349063195,
      "rmse": 0.9034604258182415
    }
  },
  "A17": {
    "global": {
      "bias": 0.16170029608758085,
      "rmse": 0.685744134191136
    },
    "sitefit": {
      "bias": 0.04234453712947506,
      "rmse": 0.3430089508403294
    },
    "ms_fwd": {
      "bias": -0.26692818331680535,
      "rmse": 0.6443803990450733
    },
    "ms_fit": {
      "bias": -0.154260098273026,
      "rmse": 0.628896120026744
    }
  }
}