{
  "A15": {
    "sigma_stat": 0.8273660602208017,
    "sigma_Qb": 1.2728491966705078,
    "sigma_zb": 0.09500641044072733,
    "sigma_thr": 0.016408049158581406,
    "sigma_A": 0.22737740431189435,
    "sigma_chi": 0.7325,
    "sigma_H": 0.2607,
    "sigma_Ks": 0.0977,
    "sigma_rho": 0.0244,
    "total_quadrature": 1.7263652542737546,
    "median": 4.883405900375855,
    "ci95_lo": 3.9449739493981606,
    "ci95_hi": 14.359209267315398
  },
  "A17": {
    "sigma_stat": 4.444463576750499,
    "sigma_Qb": 2.995581343731907,
    "sigma_zb": 0.0,
    "sigma_thr": 0.055712260087761756,
    "sigma_A": 0.1729643935050138,
    "sigma_chi": 1.7265,
    "sigma_H": 1.3855,
    "sigma_Ks": 0.2302,
    "sigma_rho": 0.0575,
    "total_quadrature": 5.806590686394309,
    "median": 11.509714177654866,
    "ci95_lo": 10.180457745793838,
    "ci95_hi": 21.62473008212751
  }
}