{
  "A15": {
    "sigma_stat": 0.8273660602208017,
    "sigma_Qb": 1.4650217701127566,
    "sigma_chi": 0.7325108850563783,
    "sigma_H": 0.2606587266310014,
    "sigma_Ks": 0.09766811800751711,
    "sigma_rho": 0.024417029501879278,
    "total_quadrature": 1.8561987516452556,
    "median": 4.883405900375855,
    "ci95_lo": 3.9449739493981606,
    "ci95_hi": 14.359209267315398
  },
  "A17": {
    "sigma_stat": 4.444463576750499,
    "sigma_Qb": 3.4529142532964596,
    "sigma_chi": 1.7264571266482298,
    "sigma_H": 1.385456768179795,
    "sigma_Ks": 0.23019428355309732,
    "sigma_rho": 0.05754857088827433,
    "total_quadrature": 6.052463898159258,
    "median": 11.509714177654866,
    "ci95_lo": 10.180457745793838,
    "ci95_hi": 21.62473008212751
  }
}