{
  "A15": {
    "sigma_stat": 0.8043663545385109,
    "sigma_solver": 0.15,
    "sigma_Qb": 1.2001819881718983,
    "sigma_zb": 0.15288194324112503,
    "sigma_thr": 0.009479357740358463,
    "sigma_A": 0.7984340066864042,
    "sigma_Ks": 0.532705875395294,
    "sigma_rho": 0.013840706900100308,
    "conditional_chi": 3.0825130457472483,
    "conditional_H": 0.4251842018932994,
    "kd_at_chi_1p48": 1.5,
    "total_quadrature": 1.7478182862413478,
    "median": 4.626540856470211,
    "ci95_lo": 4.121032315615739,
    "ci95_hi": 7.453644286647157
  },
  "A17": {
    "sigma_stat": 0.5482730469340624,
    "sigma_solver": 0.15,
    "sigma_Qb": 2.1644691830733285,
    "sigma_zb": 0.0,
    "sigma_thr": 0.03261032527155194,
    "sigma_A": 3.494879463147441,
    "sigma_Ks": 1.9626217047538717,
    "sigma_rho": 0.420192393504903,
    "conditional_chi": 13.883240563475018,
    "conditional_H": 5.32050760855118,
    "kd_at_chi_1p48": 22.0,
    "total_quadrature": 4.6099589669803915,
    "median": 8.128272066703307,
    "ci95_lo": 6.854772749713074,
    "ci95_hi": 9.04113559322604
  }
}