{
  "A15": {
    "Qb_nominal": 21.0,
    "Qb_envelope": [
      14.0,
      25.0
    ],
    "kd_envelope": [
      3.2556039335839038,
      5.813578452828399
    ],
    "kd_nominal": 4.883405900375855
  },
  "A17": {
    "Qb_nominal": 15.0,
    "Qb_envelope": [
      10.0,
      18.0
    ],
    "kd_envelope": [
      7.673142785103243,
      13.81165701318584
    ],
    "kd_nominal": 11.509714177654866
  }
}