{
  "A15": {
    "n_deep": 7,
    "kd_grid": [
      0.0015,
      0.0018947368421052633,
      0.002289473684210526,
      0.0026842105263157894,
      0.0030789473684210526,
      0.003473684210526316,
      0.0038684210526315787,
      0.004263157894736842,
      0.004657894736842106,
      0.0050526315789473685,
      0.005447368421052631,
      0.005842105263157895,
      0.006236842105263157,
      0.006631578947368421,
      0.007026315789473684,
      0.007421052631578948,
      0.00781578947368421,
      0.008210526315789474,
      0.008605263157894737,
      0.009
    ],
    "rmse_grid": [
      5.471583514840827,
      3.8960364467786497,
      2.8711572148491946,
      2.164695497666537,
      1.6674702990517667,
      1.3197276157312896,
      1.0902474205593893,
      0.9587176292948754,
      0.9058948859293489,
      0.9070210732340744,
      0.9393709510018611,
      0.988920226562476,
      1.0371420517071028,
      1.0907592978847536,
      1.1273252149431077,
      1.1537734080476147,
      1.1705258030362495,
      1.1991217877772546,
      1.2004907054570784,
      1.195449979352852
    ],
    "kd_grid_best": 0.004657894736842106,
    "rmse_grid_best": 0.9058948859293489,
    "kd_star": 0.004847023001606867,
    "rmse_star": 0.8997026086326922,
    "kd_se_jackknife": 0.0005920403190441786,
    "kd_jk_min": 0.00449245454139454,
    "kd_jk_max": 0.005109396883054315,
    "rmse_at_hayne": 1.3846395832844456,
    "rmse_at_ms": 1.0457208110955272,
    "bias_star": 0.00847945749958155,
    "mae_star": 0.7678901166737993,
    "rmse_check_at_star": 0.9009829238145457
  },
  "A17": {
    "n_deep": 16,
    "kd_grid": [
      0.003,
      0.0036521739130434784,
      0.004304347826086957,
      0.004956521739130434,
      0.0056086956521739124,
      0.006260869565217391,
      0.006913043478260869,
      0.007565217391304347,
      0.008217391304347826,
      0.008869565217391304,
      0.009521739130434782,
      0.01017391304347826,
      0.010826086956521739,
      0.011478260869565216,
      0.012130434782608696,
      0.012782608695652172,
      0.013434782608695652,
      0.014086956521739129,
      0.014739130434782609,
      0.015391304347826085,
      0.016043478260869565,
      0.016695652173913042,
      0.017347826086956522,
      0.018
    ],
    "rmse_grid": [
      3.520542162645786,
      2.6723198684241054,
      2.0818484257312706,
      1.6480379440244153,
      1.3158902098777652,
      1.0552052976619495,
      0.8466622389963923,
      0.6800491221287376,
      0.5473200600774728,
      0.44449985813740966,
      0.37003198546074784,
      0.324352621826,
      0.3032083756006658,
      0.30135715535153923,
      0.31415977585211796,
      0.32825898195158276,
      0.35042396769069156,
      0.3611961914838596,
      0.3663483876655443,
      0.3660160065845811,
      0.3777503785977742,
      0.3694192991029052,
      0.35920021202651664,
      0.36370368195965275
    ],
    "kd_grid_best": 0.011478260869565216,
    "rmse_grid_best": 0.30135715535153923,
    "kd_star": 0.011234563067832283,
    "rmse_star": 0.30033410302078867,
    "kd_se_jackknife": 0.0006111792492687234,
    "kd_jk_min": 0.011031513967805818,
    "kd_jk_max": 0.011485239721234233,
    "rmse_at_hayne": 3.0002991555231557,
    "rmse_at_ms": 1.042692714142016,
    "bias_star": -0.03252570237351371,
    "mae_star": 0.2683455407064681,
    "rmse_check_at_star": 0.3012165245475197
  }
}