{
  "A15": {
    "hayne_global": {
      "n": 7,
      "rmse": 1.3749490431503306,
      "chi2": 4573.614068656108,
      "chi2_red": 653.3734383794441,
      "aicc": 7.257833392666936
    },
    "hayne_fit": {
      "n": 7,
      "rmse": 0.9010437712855084,
      "chi2": 1894.7066698976819,
      "chi2_red": 315.784444982947,
      "aicc": 5.5411798152090945
    },
    "layer3_fit": {
      "n": 7,
      "rmse": 0.9037307698103899,
      "chi2": 1911.8296453481973,
      "chi2_red": 318.63827422469956,
      "aicc": 5.582867024648905
    }
  },
  "A17": {
    "hayne_global": {
      "n": 16,
      "rmse": 2.9631798612394538,
      "chi2": 161196.98735804838,
      "chi2_red": 10074.811709878024,
      "aicc": 37.04612929879099
    },
    "hayne_fit": {
      "n": 16,
      "rmse": 0.3012118928669147,
      "chi2": 1059.1137547946823,
      "chi2_red": 70.60758365297882,
      "aicc": -33.47504464127485
    },
    "layer3_fit": {
      "n": 16,
      "rmse": 0.4017614461458199,
      "chi2": 1995.2288218186295,
      "chi2_red": 133.01525478790865,
      "aicc": -24.25762016660973
    }
  }
}