{
  "A15": {
    "hayne_global": {
      "n": 7,
      "rmse": 1.027233210650848,
      "chi2": 2419.90552346013,
      "chi2_red": 345.70078906573286,
      "aicc": 3.1761657854080925
    },
    "hayne_fit": {
      "n": 7,
      "rmse": 0.9544729021049959,
      "chi2": 1889.1707990617522,
      "chi2_red": 314.86179984362536,
      "aicc": 6.347655638209604
    },
    "layer3_fit": {
      "n": 7,
      "rmse": 0.9495842584366422,
      "chi2": 2627.0500725398538,
      "chi2_red": 437.8416787566423,
      "aicc": 6.275765819811866
    }
  },
  "A17": {
    "hayne_global": {
      "n": 16,
      "rmse": 0.685744134191136,
      "chi2": 8126.744269499685,
      "chi2_red": 507.92151684373033,
      "aicc": -9.786308212208551
    },
    "hayne_fit": {
      "n": 16,
      "rmse": 0.34300875806245157,
      "chi2": 1391.2968986458588,
      "chi2_red": 92.75312657639059,
      "aicc": -29.31690062676005
    },
    "layer3_fit": {
      "n": 16,
      "rmse": 1.1739497356624586,
      "chi2": 16798.6093255536,
      "chi2_red": 1119.90728837024,
      "aicc": 10.055041911613516
    }
  }
}