{
  "A15": {
    "n_walkers": 32,
    "n_steps": 4000,
    "n_burn": 1000,
    "autocorr_tau": [
      34.680114638388545,
      31.473238580141526
    ],
    "effective_n": 2768.1569395314077,
    "kd_q16": 2.615744347400879,
    "kd_q50": 3.8586373457802297,
    "kd_q84": 5.136620339818776,
    "kd_q025": 1.538648314289473,
    "kd_q975": 6.3728238047549635,
    "qb_q16": 11.317056082356867,
    "qb_q50": 16.561121210177767,
    "qb_q84": 21.731676926819212
  },
  "A17": {
    "n_walkers": 32,
    "n_steps": 4000,
    "n_burn": 1000,
    "autocorr_tau": [
      135.02145699688904,
      61.03837695247608
    ],
    "effective_n": 710.998104562091,
    "kd_q16": 7.329799503773277,
    "kd_q50": 13.052613971592644,
    "kd_q84": 22.341717162427457,
    "kd_q025": 3.6737935144431657,
    "kd_q975": 28.53467340364028,
    "qb_q16": 7.174869990288488,
    "qb_q50": 11.197186670111755,
    "qb_q84": 14.948243011204182
  }
}