{
  "A15": {
    "kd_used": 0.004880764311781226,
    "full": {
      "rmse_K": 12.45373416449121,
      "bias_K": 4.956117979239953,
      "n_bins": 74
    },
    "night": {
      "rmse_K": 12.047432620506584,
      "bias_K": 10.162821271701379,
      "n_bins": 40
    }
  },
  "A17": {
    "kd_used": 0.011233430038994652,
    "full": {
      "rmse_K": 17.475969934942338,
      "bias_K": 9.07000534087979,
      "n_bins": 73
    },
    "night": {
      "rmse_K": 21.826076980168505,
      "bias_K": 21.620867142912406,
      "n_bins": 40
    }
  }
}