{
  "thresholds_K_per_yr": [
    0.04,
    0.06,
    0.08,
    0.12,
    0.16
  ],
  "A15": {
    "kd_star_mW": [
      4.873550373559946,
      4.874422765358077,
      4.884785926566827,
      4.876662065281803,
      4.906366471877109
    ],
    "N_deep": [
      7,
      7,
      7,
      7,
      7
    ]
  },
  "A17": {
    "kd_star_mW": [
      11.191054035777457,
      11.218891558199243,
      11.231769863675293,
      11.266178593130705,
      11.30247855595298
    ],
    "N_deep": [
      16,
      16,
      16,
      16,
      16
    ]
  }
}