{
  "thresholds_K_per_yr": [
    0.04,
    0.06,
    0.08,
    0.12,
    0.16
  ],
  "A15": {
    "kd_star_mW": [
      4.569203001728677,
      4.57000815516769,
      4.570595599122984,
      4.575431708476411,
      4.556472992995694
    ],
    "N_deep": [
      7,
      7,
      7,
      7,
      7
    ]
  },
  "A17": {
    "kd_star_mW": [
      8.13048268099081,
      8.120109461958071,
      8.116368880626927,
      8.096139831304948,
      8.065262030447705
    ],
    "N_deep": [
      16,
      16,
      16,
      16,
      16
    ]
  }
}