{
  "delta_albedo": [
    -0.04,
    -0.02,
    0.0,
    0.02,
    0.04
  ],
  "A15": {
    "kd_star": [
      5.344614685090298,
      5.238204017484834,
      4.88478592656682,
      4.783449208861045,
      4.222732482731509
    ],
    "surface_T": [
      222.56279877000236,
      221.44005925574783,
      220.304496267936,
      219.17071629557998,
      218.0447586274417
    ]
  },
  "A17": {
    "kd_star": [
      9.601568535190802,
      11.49254698305586,
      11.231769863675325,
      11.146618196045832,
      9.655382205833593
    ],
    "surface_T": [
      227.5643300493351,
      226.40970168633788,
      225.24568322053747,
      224.10574178888922,
      222.91936168806225
    ]
  }
}