{
  "delta_albedo": [
    -0.01,
    0.0,
    0.01
  ],
  "A15": {
    "kd_star": [
      4.606932290776727,
      4.570595599122984,
      3.0100642774039184
    ],
    "surface_T": [
      220.9511999797077,
      220.36817076762847,
      219.78008340176459
    ]
  },
  "A17": {
    "kd_star": [
      5.684387921174264,
      8.116368880626938,
      12.674146847469146
    ],
    "surface_T": [
      225.8972557247365,
      225.29526304915123,
      224.6881405897384
    ]
  }
}