{
  "delta_albedo": [
    -0.04,
    -0.02,
    0.0,
    0.02,
    0.04
  ],
  "A15": {
    "kd_star": [
      4.58598864118588,
      4.612580637690526,
      4.570595599122984,
      12.351601866189721,
      1.5
    ],
    "surface_T": [
      222.67164545151098,
      221.52951924953598,
      220.36817076762847,
      219.18703879325057,
      217.9851628714631
    ]
  },
  "A17": {
    "kd_star": [
      5.405604710967403,
      5.464366527704168,
      8.116368880626938,
      17.49279908465099,
      22.0
    ],
    "surface_T": [
      227.6734671344537,
      226.49423344119865,
      225.29526304915123,
      224.07579003261017,
      222.83465106955052
    ]
  }
}