{
  "n_A15": 7,
  "n_A17": 16,
  "n_total": 23,
  "M1_variable_kd": {
    "kd_A15": 0.004999999999999999,
    "kd_A17": 0.007999999999999998,
    "qb_A15": 0.021,
    "qb_A17": 0.015,
    "rmse": 0.6003377705537198,
    "aicc": -16.20893234232851,
    "delta_aicc": 0.0,
    "k": 2
  },
  "M2_uniform_kd_free_qb": {
    "kd_shared": 0.006999999999999999,
    "qb_A15": 0.014,
    "qb_A17": 0.016,
    "rmse": 0.6139428733102619,
    "aicc": -12.219033965018731,
    "delta_aicc": 3.9898983773097783,
    "k": 3
  },
  "M3_uniform_kd_fixed_qb": {
    "kd_shared": 0.005999999999999999,
    "qb_A15": 0.021,
    "qb_A17": 0.015,
    "rmse": 0.6747028241802305,
    "aicc": -13.500215494216091,
    "delta_aicc": 2.7087168481124184,
    "k": 1
  }
}