{
  "n_A15": 7,
  "n_A17": 16,
  "n_total": 23,
  "M1_variable_kd": {
    "kd_A15": 0.004999999999999999,
    "kd_A17": 0.010999999999999998,
    "qb_A15": 0.021,
    "qb_A17": 0.015,
    "rmse": 0.5594675190273302,
    "aicc": -19.452253203609324,
    "delta_aicc": 0.0,
    "k": 2
  },
  "M2_uniform_kd_free_qb": {
    "kd_shared": 0.006499999999999999,
    "qb_A15": 0.025,
    "qb_A17": 0.01,
    "rmse": 0.5857390614418959,
    "aicc": -14.382298083756229,
    "delta_aicc": 5.069955119853095,
    "k": 3
  },
  "M3_uniform_kd_fixed_qb": {
    "kd_shared": 0.012999999999999998,
    "qb_A15": 0.021,
    "qb_A17": 0.015,
    "rmse": 0.6709642996393139,
    "aicc": -13.755810014269228,
    "delta_aicc": 5.696443189340096,
    "k": 1
  }
}